<?xml version="1.0" encoding="UTF-8"?>
<project-private xmlns="http://www.netbeans.org/ns/project-private/1">
    <editor-bookmarks xmlns="http://www.netbeans.org/ns/editor-bookmarks/2" lastBookmarkId="1">
        <file>
            <url>src/Servidor_O.java</url>
            <bookmark id="1">
                <name/>
                <line>38</line>
                <key/>
            </bookmark>
        </file>
    </editor-bookmarks>
    <open-files xmlns="http://www.netbeans.org/ns/projectui-open-files/2">
        <group>
            <file>file:/C:/Users/memo0/Desktop/practica2_Sopa/src/Servidor_O.java</file>
            <file>file:/C:/Users/memo0/Desktop/practica2_Sopa/src/LogicaJuego.java</file>
            <file>file:/C:/Users/memo0/Desktop/practica2_Sopa/src/Sopa.java</file>
            <file>file:/C:/Users/memo0/Desktop/practica2_Sopa/src/Cliente_O.java</file>
        </group>
    </open-files>
</project-private>
