<?xml version="1.0" encoding="UTF-8"?>
<project-private xmlns="http://www.netbeans.org/ns/project-private/1">
    <editor-bookmarks xmlns="http://www.netbeans.org/ns/editor-bookmarks/2" lastBookmarkId="0"/>
    <open-files xmlns="http://www.netbeans.org/ns/projectui-open-files/2">
        <group>
            <file>file:/C:/Users/josue/Escritorio/AplicacionesEjercicios/Servidor%20RMI/src/initServidores.java</file>
            <file>file:/C:/Users/josue/Escritorio/AplicacionesEjercicios/Servidor%20RMI/src/ServidorMulticast.java</file>
            <file>file:/C:/Users/josue/Escritorio/AplicacionesEjercicios/Servidor%20RMI/src/ServidorRMI.java</file>
            <file>file:/C:/Users/josue/Escritorio/AplicacionesEjercicios/Servidor%20RMI/src/ServidorUnicast.java</file>
        </group>
    </open-files>
</project-private>
